調價日期,無鉛汽油92,無鉛汽油95,無鉛汽油98,超級/高級柴油,二行程無鉛,煤油,甲種漁船油(KL),乙種漁船油(KL),低硫燃料油(0.5%)(KL),甲種低硫燃料油/低硫鍋爐油(0.5%)(KL),特種低硫燃料油(KL),低硫鍋爐油(1%)(KL)
2024-03-06,29.5,31.0,33.0,27.1,,42.2,19893.0,15978.0,21096.0,0.0,25096.0,
2024-03-04,29.5,31.0,33.0,27.1,,42.2,19893.0,15978.0,22259.0,0.0,25563.0,
2024-02-26,29.4,30.9,32.9,26.9,,42.2,19693.0,15778.0,22259.0,0.0,25563.0,
2024-02-19,29.4,30.9,32.9,26.9,,42.2,19693.0,15778.0,22259.0,0.0,25563.0,
2024-02-12,29.0,30.5,32.5,27.0,,42.2,19793.0,15878.0,22259.0,0.0,25563.0,
2024-02-06,29.0,30.5,32.5,27.4,,42.2,20193.0,16278.0,22259.0,0.0,25563.0,
2024-02-05,29.0,30.5,32.5,27.4,,42.2,20193.0,16278.0,22618.0,0.0,26618.0,
2024-01-29,29.0,30.5,32.5,27.5,,42.2,20293.0,16378.0,22618.0,0.0,26618.0,
2024-01-22,28.9,30.4,32.4,27.7,,42.2,20493.0,16578.0,22618.0,0.0,26618.0,
2024-01-15,29.0,30.5,32.5,27.8,,42.2,20593.0,16678.0,22618.0,0.0,26618.0,
2024-01-08,29.2,30.7,32.7,27.8,,42.2,20593.0,16678.0,22618.0,0.0,26618.0,
2024-01-06,29.5,31.0,33.0,27.9,,42.2,20693.0,16778.0,22618.0,0.0,26618.0,
2024-01-03,29.5,31.0,33.0,27.9,,42.2,20693.0,16778.0,21862.0,0.0,25862.0,
2024-01-01,29.5,31.0,33.0,27.9,,42.7,20693.0,16778.0,21862.0,0.0,25862.0,
2023-12-26,29.6,31.1,33.1,28.0,,42.7,20793.0,16878.0,21862.0,0.0,25862.0,
2023-12-25,29.6,31.1,33.1,28.0,,42.3,20793.0,16878.0,21862.0,0.0,25862.0,
2023-12-19,29.2,30.7,32.7,27.9,,42.3,20693.0,16778.0,21862.0,0.0,25862.0,
2023-12-18,29.2,30.7,32.7,27.9,,43.0,20693.0,16778.0,21862.0,0.0,25862.0,
2023-12-12,29.5,31.0,33.0,27.6,,43.0,20393.0,16478.0,21862.0,0.0,25862.0,
2023-12-11,29.5,31.0,33.0,27.6,,43.7,20393.0,16478.0,21862.0,0.0,25862.0,
2023-12-06,29.5,31.0,33.0,27.0,,43.7,19793.0,15878.0,21862.0,0.0,25862.0,
2023-12-05,29.5,31.0,33.0,27.0,,43.7,19793.0,15878.0,20827.0,0.0,24827.0,
2023-12-04,29.5,31.0,33.0,27.0,,44.0,19793.0,15878.0,20827.0,0.0,24827.0,
2023-11-27,29.5,31.0,33.0,27.1,,44.0,19893.0,15978.0,20827.0,0.0,24827.0,
2023-11-21,29.5,31.0,33.0,27.1,,44.0,19893.0,15978.0,20827.0,0.0,24827.0,
2023-11-20,29.5,31.0,33.0,27.1,,44.4,19893.0,15978.0,20827.0,0.0,24827.0,
2023-11-14,29.6,31.1,33.1,27.1,,44.4,19893.0,15978.0,20827.0,0.0,24827.0,
2023-11-13,29.6,31.1,33.1,27.1,,45.4,19893.0,15978.0,20827.0,0.0,24827.0,
2023-11-07,29.7,31.2,33.2,27.2,,45.4,19993.0,16078.0,20827.0,0.0,24827.0,
2023-11-06,29.7,31.2,33.2,27.2,,45.8,19993.0,16078.0,20827.0,0.0,24827.0,
2023-10-31,29.7,31.2,33.2,27.3,,45.8,20093.0,16178.0,20155.0,0.0,24155.0,
2023-10-30,29.7,31.2,33.2,27.3,,46.4,20093.0,16178.0,20155.0,0.0,24155.0,
2023-10-24,29.9,31.4,33.4,27.5,,46.4,20293.0,16378.0,20155.0,0.0,24155.0,
2023-10-23,29.9,31.4,33.4,27.5,,45.7,20293.0,16378.0,20155.0,0.0,24155.0,
2023-10-17,30.2,31.7,33.7,27.8,,45.7,20593.0,16678.0,20155.0,0.0,24155.0,
2023-10-16,30.2,31.7,33.7,27.8,,46.4,20593.0,16678.0,20155.0,0.0,24155.0,
2023-10-12,30.7,32.2,34.2,28.3,,46.4,21093.0,17178.0,20155.0,0.0,24155.0,
2023-10-09,30.7,32.2,34.2,28.3,,47.1,21093.0,17178.0,20155.0,0.0,24155.0,
2023-10-06,30.8,32.3,34.3,28.4,,47.1,21193.0,17278.0,20155.0,0.0,24155.0,
2023-10-02,30.8,32.3,34.3,28.4,,47.1,21193.0,17278.0,20080.0,0.0,24080.0,
2023-09-25,31.1,32.6,34.6,28.6,,47.1,21393.0,17478.0,20080.0,0.0,24080.0,
2023-09-19,31.4,32.9,34.9,29.0,,47.1,21793.0,17878.0,20080.0,0.0,24080.0,
2023-09-18,31.4,32.9,34.9,29.0,,46.1,21793.0,17878.0,20080.0,0.0,24080.0,
2023-09-12,31.6,33.1,35.1,29.1,,46.1,21893.0,17978.0,20080.0,0.0,24080.0,
2023-09-11,31.6,33.1,35.1,29.1,,45.8,21893.0,17978.0,20080.0,0.0,24080.0,
2023-09-06,31.2,32.7,34.7,29.3,,45.8,22093.0,18178.0,20080.0,0.0,24080.0,
2023-09-04,31.2,32.7,34.7,29.3,,45.4,22093.0,18178.0,20088.0,0.0,23946.0,
2023-08-29,31.1,32.6,34.6,29.2,,45.4,21993.0,18078.0,20088.0,0.0,23946.0,
2023-08-28,31.1,32.6,34.6,29.2,,44.5,21993.0,18078.0,20088.0,0.0,23946.0,
2023-08-21,31.2,32.7,34.7,28.8,,44.5,21593.0,17678.0,20088.0,0.0,23946.0,
2023-08-15,31.1,32.6,34.6,28.7,,44.5,21493.0,17578.0,20088.0,0.0,23946.0,
2023-08-14,31.1,32.6,34.6,28.7,,43.4,21493.0,17578.0,20088.0,0.0,23946.0,
2023-08-08,30.5,32.0,34.0,28.2,,43.4,20993.0,17078.0,20088.0,0.0,23946.0,
2023-08-07,30.5,32.0,34.0,28.2,,41.5,20993.0,17078.0,20088.0,0.0,23946.0,
2023-08-06,30.3,31.8,33.8,28.0,,41.5,20793.0,16878.0,20088.0,0.0,23946.0,
2023-08-01,30.3,31.8,33.8,28.0,,41.5,20793.0,16878.0,19987.0,0.0,23987.0,
2023-07-31,30.3,31.8,33.8,28.0,,39.9,20793.0,16878.0,19987.0,0.0,23987.0,
2023-07-24,29.8,31.3,33.3,28.1,,39.9,20893.0,16978.0,19987.0,0.0,23987.0,
2023-07-18,29.5,31.0,33.0,27.7,,39.9,20493.0,16578.0,19987.0,0.0,23987.0,
2023-07-17,29.5,31.0,33.0,27.7,,38.9,20493.0,16578.0,19987.0,0.0,23987.0,
2023-07-10,29.1,30.6,32.6,27.3,,38.9,20093.0,16178.0,19987.0,0.0,23987.0,
2023-07-06,28.8,30.3,32.3,27.1,,38.9,19893.0,15978.0,19987.0,0.0,23987.0,
2023-07-03,28.8,30.3,32.3,27.1,,38.9,19893.0,15978.0,20204.0,0.0,24204.0,
2023-06-27,28.9,30.4,32.4,26.9,,38.9,19693.0,15778.0,20204.0,0.0,24204.0,
2023-06-26,28.9,30.4,32.4,26.9,,38.0,19693.0,15778.0,20204.0,0.0,24204.0,
2023-06-19,28.5,30.0,32.0,27.2,,38.0,19993.0,16078.0,20204.0,0.0,24204.0,
2023-06-12,28.8,30.3,32.3,27.0,,38.0,19793.0,15878.0,20204.0,0.0,24204.0,
2023-06-06,28.5,30.0,32.0,27.0,,38.0,19793.0,15878.0,20204.0,0.0,24204.0,
2023-06-05,28.5,30.0,32.0,27.0,,38.9,19793.0,15878.0,20651.0,0.0,24651.0,
2023-05-29,28.9,30.4,32.4,27.1,,38.9,19893.0,15978.0,20651.0,0.0,24651.0,
2023-05-22,28.6,30.1,32.1,27.4,,38.9,20193.0,16278.0,20651.0,0.0,24651.0,
2023-05-15,28.8,30.3,32.3,27.6,,38.9,20393.0,16478.0,20651.0,0.0,24651.0,
2023-05-09,28.6,30.1,32.1,27.3,,38.9,20093.0,16178.0,20651.0,0.0,24651.0,
2023-05-08,28.6,30.1,32.1,27.3,,40.1,20093.0,16178.0,20651.0,0.0,24651.0,
2023-05-06,29.6,31.1,33.1,27.5,,40.1,20293.0,16378.0,20651.0,0.0,24651.0,
2023-05-03,29.6,31.1,33.1,27.5,,40.1,20293.0,16378.0,21533.0,0.0,24682.0,
2023-05-01,29.6,31.1,33.1,27.5,,40.8,20293.0,16378.0,21533.0,0.0,24682.0,
2023-04-25,29.6,31.1,33.1,27.4,,40.8,20193.0,16278.0,21533.0,0.0,24682.0,
2023-04-24,29.6,31.1,33.1,27.4,,41.4,20193.0,16278.0,21533.0,0.0,24682.0,
2023-04-17,29.8,31.3,33.3,27.6,,41.4,20393.0,16478.0,21533.0,0.0,24682.0,
2023-04-11,29.5,31.0,33.0,27.8,,41.4,20593.0,16678.0,21533.0,0.0,24682.0,
2023-04-10,29.5,31.0,33.0,27.8,,40.6,20593.0,16678.0,21533.0,0.0,24682.0,
2023-04-06,28.9,30.4,32.4,27.7,,40.6,20493.0,16578.0,21533.0,0.0,24682.0,
2023-04-03,28.9,30.4,32.4,27.7,,40.6,20493.0,16578.0,22492.0,0.0,24640.0,
2023-03-28,28.4,29.9,31.9,27.1,,40.6,19893.0,15978.0,22492.0,0.0,24640.0,
2023-03-27,28.4,29.9,31.9,27.1,,41.6,19893.0,15978.0,22492.0,0.0,24640.0,
2023-03-21,28.9,30.4,32.4,27.6,,41.6,20393.0,16478.0,22492.0,0.0,24640.0,
2023-03-20,28.9,30.4,32.4,27.6,,42.6,20393.0,16478.0,22492.0,0.0,24640.0,
2023-03-13,29.2,30.7,32.7,27.1,,42.6,19893.0,15978.0,22492.0,0.0,24640.0,
2023-03-06,28.9,30.4,32.4,27.1,,42.6,19893.0,15978.0,22492.0,0.0,24640.0,
2023-03-02,29.0,30.5,32.5,27.3,,42.6,20093.0,16178.0,23790.0,0.0,25567.0,
2023-02-27,29.0,30.5,32.5,27.3,,43.6,20093.0,16178.0,23790.0,0.0,25567.0,
2023-02-20,29.1,30.6,32.6,27.4,,43.6,20193.0,16278.0,23790.0,0.0,25567.0,
2023-02-14,29.2,30.7,32.7,27.5,,43.6,20293.0,16378.0,23790.0,0.0,25567.0,
2023-02-13,29.2,30.7,32.7,27.5,,44.1,20293.0,16378.0,23790.0,0.0,25567.0,
2023-02-06,29.5,31.0,33.0,27.9,,44.1,20693.0,16778.0,23790.0,0.0,25567.0,
2023-01-30,29.6,31.1,33.1,28.2,,44.1,20993.0,17078.0,24544.0,0.0,26670.0,
2023-01-23,29.1,30.6,32.6,27.8,,44.1,20593.0,16678.0,24544.0,0.0,26670.0,
2023-01-16,29.1,30.6,32.6,27.8,,44.1,20593.0,16678.0,24544.0,0.0,26670.0,
2023-01-09,29.1,30.6,32.6,27.8,,44.1,20593.0,16678.0,24544.0,0.0,26670.0,
2023-01-06,29.5,31.0,33.0,27.8,,44.1,20593.0,16678.0,24544.0,0.0,26670.0,
2023-01-02,29.5,31.0,33.0,27.8,,44.1,20593.0,16678.0,25239.0,0.0,27824.0,
2022-12-26,29.1,30.6,32.6,27.9,,44.1,20693.0,16778.0,25239.0,0.0,27824.0,
2022-12-19,29.0,30.5,32.5,27.3,,44.1,20093.0,16178.0,25239.0,0.0,27824.0,
2022-12-13,28.9,30.4,32.4,27.3,,44.1,20093.0,16178.0,25239.0,0.0,27824.0,
2022-12-12,28.9,30.4,32.4,27.3,,46.7,20093.0,16178.0,25239.0,0.0,27824.0,
2022-12-06,29.3,30.8,32.8,27.1,,46.7,19893.0,15978.0,25239.0,0.0,27824.0,
2022-12-05,29.3,30.8,32.8,27.1,,47.7,19893.0,15978.0,25612.0,0.0,28050.0,
2022-11-29,29.1,30.6,32.6,26.9,,47.7,19693.0,15778.0,25612.0,0.0,28050.0,
2022-11-28,29.1,30.6,32.6,26.9,,48.6,19693.0,15778.0,25612.0,0.0,28050.0,
2022-11-22,29.2,30.7,32.7,27.0,,48.6,19793.0,15878.0,25612.0,0.0,28050.0,
2022-11-21,29.2,30.7,32.7,27.0,,49.2,19793.0,15878.0,25612.0,0.0,28050.0,
2022-11-15,29.0,30.5,32.5,26.8,,49.2,19593.0,15678.0,25612.0,0.0,28050.0,
2022-11-14,29.0,30.5,32.5,26.8,,48.8,19593.0,15678.0,25612.0,0.0,28050.0,
2022-11-07,29.1,30.6,32.6,26.8,,48.8,19593.0,15678.0,25612.0,0.0,28050.0,
2022-11-06,29.1,30.6,32.6,26.9,,48.8,19693.0,15778.0,25612.0,0.0,28050.0,
2022-10-31,29.1,30.6,32.6,26.9,,48.8,19693.0,15778.0,25628.0,0.0,28874.0,
2022-10-24,28.8,30.3,32.3,26.6,,48.8,19393.0,15478.0,25628.0,0.0,28874.0,
2022-10-18,28.9,30.4,32.4,26.7,,48.8,19493.0,15578.0,25628.0,0.0,28874.0,
2022-10-17,28.9,30.4,32.4,26.7,,47.8,19493.0,15578.0,25628.0,0.0,28874.0,
2022-10-12,29.2,30.7,32.7,26.9,,47.8,19693.0,15778.0,25628.0,0.0,28874.0,
2022-10-10,29.2,30.7,32.7,26.9,,47.3,19693.0,15778.0,25628.0,0.0,28874.0,
2022-10-06,29.3,30.8,32.8,27.1,,47.3,19893.0,15978.0,25628.0,0.0,28874.0,
2022-10-04,29.3,30.8,32.8,27.1,,47.3,19893.0,15978.0,25446.0,0.0,29446.0,
2022-10-03,29.3,30.8,32.8,27.1,,47.9,19893.0,15978.0,25446.0,0.0,29446.0,
2022-09-27,29.2,30.7,32.7,26.9,,47.9,19693.0,15778.0,25446.0,0.0,29446.0,
2022-09-26,29.2,30.7,32.7,26.9,,48.5,19693.0,15778.0,25446.0,0.0,29446.0,
2022-09-20,29.2,30.7,32.7,26.9,,48.5,19693.0,15778.0,25446.0,0.0,29446.0,
2022-09-19,29.2,30.7,32.7,26.9,,49.4,19693.0,15778.0,25446.0,0.0,29446.0,
2022-09-13,29.0,30.5,32.5,26.8,,49.4,19593.0,15678.0,25446.0,0.0,29446.0,
2022-09-12,29.0,30.5,32.5,26.8,,49.9,19593.0,15678.0,25446.0,0.0,29446.0,
2022-09-06,29.1,30.6,32.6,26.8,,49.9,19593.0,15678.0,25446.0,0.0,29446.0,
2022-09-05,29.1,30.6,32.6,26.8,,49.9,19593.0,15678.0,24516.0,0.0,28516.0,
2022-08-30,29.2,30.7,32.7,27.0,,49.9,19793.0,15878.0,24516.0,0.0,28516.0,
2022-08-29,29.2,30.7,32.7,27.0,,48.0,19793.0,15878.0,24516.0,0.0,28516.0,
2022-08-22,29.5,31.0,33.0,27.4,,48.0,20193.0,16278.0,24516.0,0.0,28516.0,
2022-08-15,29.6,31.1,33.1,27.4,,48.0,20193.0,16278.0,24516.0,0.0,28516.0,
2022-08-09,29.8,31.3,33.3,27.6,,48.0,20393.0,16478.0,24516.0,0.0,28516.0,
2022-08-08,29.8,31.3,33.3,27.6,,49.2,20393.0,16478.0,24516.0,0.0,28516.0,
2022-08-06,29.5,31.0,33.0,27.3,,49.2,20093.0,16178.0,24516.0,0.0,28516.0,
2022-08-01,29.5,31.0,33.0,27.3,,49.2,20093.0,16178.0,23085.0,0.0,27085.0,
2022-07-26,29.3,30.8,32.8,27.1,,49.2,19893.0,15978.0,23085.0,0.0,27085.0,
2022-07-25,29.3,30.8,32.8,27.1,,50.0,19893.0,15978.0,23085.0,0.0,27085.0,
2022-07-19,29.5,31.0,33.0,27.2,,50.0,19993.0,16078.0,23085.0,0.0,27085.0,
2022-07-18,29.5,31.0,33.0,27.2,,50.9,19993.0,16078.0,23085.0,0.0,27085.0,
2022-07-12,29.8,31.3,33.3,27.6,,50.9,20393.0,16478.0,23085.0,0.0,27085.0,
2022-07-11,29.8,31.3,33.3,27.6,,52.4,20393.0,16478.0,23085.0,0.0,27085.0,
2022-07-06,30.0,31.5,33.5,27.8,,52.4,20593.0,16678.0,23085.0,0.0,27085.0,
2022-07-05,30.0,31.5,33.5,27.8,,52.4,20593.0,16678.0,21597.0,0.0,25597.0,
2022-07-04,30.0,31.5,33.5,27.8,,53.3,20593.0,16678.0,21597.0,0.0,25597.0,
2022-06-27,30.0,31.5,33.5,27.7,,53.3,20493.0,16578.0,21597.0,0.0,25597.0,
2022-06-21,29.6,31.1,33.1,27.4,,53.3,20193.0,16278.0,21597.0,0.0,25597.0,
2022-06-20,29.6,31.1,33.1,27.4,,52.6,20193.0,16278.0,21597.0,0.0,25597.0,
2022-06-14,29.5,31.0,33.0,27.3,,52.6,20093.0,16178.0,21597.0,0.0,25597.0,
2022-06-13,29.5,31.0,33.0,27.3,,50.7,20093.0,16178.0,21597.0,0.0,25597.0,
2022-06-07,29.5,31.0,33.0,27.3,,50.7,20093.0,16178.0,21597.0,0.0,25597.0,
2022-06-06,29.5,31.0,33.0,27.3,,48.8,20093.0,16178.0,21597.0,0.0,25597.0,
2022-05-31,30.1,31.6,33.6,27.9,,48.8,20693.0,16778.0,19901.0,0.0,23901.0,
2022-05-30,30.1,31.6,33.6,27.9,,47.8,20693.0,16778.0,19901.0,0.0,23901.0,
2022-05-24,30.2,31.7,33.7,28.0,,47.8,20793.0,16878.0,19901.0,0.0,23901.0,
2022-05-23,30.2,31.7,33.7,28.0,,48.4,20793.0,16878.0,19901.0,0.0,23901.0,
2022-05-17,30.2,31.7,33.7,28.0,,48.4,20793.0,16878.0,19901.0,0.0,23901.0,
2022-05-16,30.2,31.7,33.7,28.0,,48.8,20793.0,16878.0,19901.0,0.0,23901.0,
2022-05-10,30.3,31.8,33.8,28.1,,48.8,20893.0,16978.0,19901.0,0.0,23901.0,
2022-05-09,30.3,31.8,33.8,28.1,,46.8,20893.0,16978.0,19901.0,0.0,23901.0,
2022-05-06,30.4,31.9,33.9,28.2,,46.8,20993.0,17078.0,19901.0,0.0,23901.0,
2022-05-02,30.4,31.9,33.9,28.2,,46.8,20993.0,17078.0,18598.0,0.0,22598.0,
2022-04-26,30.5,32.0,34.0,28.3,,46.8,21093.0,17178.0,18598.0,0.0,22598.0,
2022-04-25,30.5,32.0,34.0,28.3,,45.0,21093.0,17178.0,18598.0,0.0,22598.0,
2022-04-18,30.8,32.3,34.3,28.6,,45.0,21393.0,17478.0,18598.0,0.0,22598.0,
2022-04-12,31.0,32.5,34.5,28.9,,45.0,21693.0,17778.0,18598.0,0.0,22598.0,
2022-04-11,31.0,32.5,34.5,28.9,,45.5,21693.0,17778.0,18598.0,0.0,22598.0,
2022-04-07,31.0,32.5,34.5,28.8,,45.5,21593.0,17678.0,18598.0,0.0,22598.0,
2022-04-06,31.0,32.5,34.5,28.8,,46.0,21593.0,17678.0,18598.0,0.0,22598.0,
2022-04-04,31.0,32.5,34.5,28.8,,46.0,21593.0,17678.0,18587.0,0.0,22587.0,
2022-03-29,31.2,32.7,34.7,29.1,,46.0,21893.0,17978.0,18587.0,0.0,22587.0,
2022-03-28,31.2,32.7,34.7,29.1,,43.2,21893.0,17978.0,18587.0,0.0,22587.0,
2022-03-22,31.5,33.0,35.0,29.4,,43.2,22193.0,18278.0,18587.0,0.0,22587.0,
2022-03-21,31.5,33.0,35.0,29.4,,44.8,22193.0,18278.0,18587.0,0.0,22587.0,
2022-03-15,31.6,33.1,35.1,29.4,,44.8,22193.0,18278.0,18587.0,0.0,22587.0,
2022-03-14,31.6,33.1,35.1,29.4,,41.0,22193.0,18278.0,18587.0,0.0,22587.0,
2022-03-08,31.3,32.8,34.8,29.1,,41.0,21893.0,17978.0,18587.0,0.0,22587.0,
2022-03-07,31.3,32.8,34.8,29.1,,39.1,21893.0,17978.0,18587.0,0.0,22587.0,
2022-03-06,30.7,32.2,34.2,28.5,,39.1,21293.0,17378.0,18587.0,0.0,22587.0,
2022-03-02,30.7,32.2,34.2,28.5,,39.1,21293.0,17378.0,19234.0,0.0,23219.0,
2022-02-28,30.7,32.2,34.2,28.5,,38.5,21293.0,17378.0,19234.0,0.0,23219.0,
2022-02-22,30.2,31.7,33.7,28.1,,38.5,20893.0,16978.0,19234.0,0.0,23219.0,
2022-02-21,30.2,31.7,33.7,28.1,,38.0,20893.0,16978.0,19234.0,0.0,23219.0,
2022-02-15,29.9,31.4,33.4,27.5,,38.0,20293.0,16378.0,19234.0,0.0,23219.0,
2022-02-14,29.9,31.4,33.4,27.5,,37.4,20293.0,16378.0,19234.0,0.0,23219.0,
2022-02-08,28.7,30.2,32.2,26.0,,37.4,18793.0,14878.0,19234.0,0.0,23219.0,
2022-02-07,28.7,30.2,32.2,26.0,,37.4,18793.0,14878.0,19651.0,0.0,23545.0,
2022-01-31,29.8,31.3,33.3,26.5,,37.4,19293.0,15378.0,19651.0,0.0,23545.0,
2022-01-25,29.8,31.3,33.3,26.5,,37.4,19293.0,15378.0,19651.0,0.0,23545.0,
2022-01-24,29.8,31.3,33.3,26.5,,36.4,19293.0,15378.0,19651.0,0.0,23545.0,
2022-01-18,29.2,30.7,32.7,26.3,,36.4,19093.0,15178.0,19651.0,0.0,23545.0,
2022-01-17,29.2,30.7,32.7,26.3,,35.1,19093.0,15178.0,19651.0,0.0,23545.0,
2022-01-11,28.6,30.1,32.1,26.3,,35.1,19093.0,15178.0,19651.0,0.0,23545.0,
2022-01-10,28.6,30.1,32.1,26.3,,34.8,19093.0,15178.0,19651.0,0.0,23545.0,
2022-01-06,28.4,29.9,31.9,26.4,,34.8,19193.0,15278.0,19651.0,0.0,23545.0,
2022-01-04,28.4,29.9,31.9,26.4,,34.8,19193.0,15278.0,19127.0,0.0,23127.0,
2022-01-03,28.4,29.9,31.9,26.4,,33.6,19193.0,15278.0,19127.0,0.0,23127.0,
2021-12-28,27.5,29.0,31.0,25.5,,33.6,18293.0,14378.0,19127.0,0.0,23127.0,
2021-12-27,27.5,29.0,31.0,25.5,,34.3,18293.0,14378.0,19127.0,0.0,23127.0,
2021-12-21,27.7,29.2,31.2,25.7,,34.3,18493.0,14578.0,19127.0,0.0,23127.0,
2021-12-20,27.7,29.2,31.2,25.7,,33.7,18493.0,14578.0,19127.0,0.0,23127.0,
2021-12-14,27.6,29.1,31.1,25.6,,33.7,18393.0,14478.0,19127.0,0.0,23127.0,
2021-12-13,27.6,29.1,31.1,25.6,,32.8,18393.0,14478.0,19127.0,0.0,23127.0,
2021-12-07,27.3,28.8,30.8,25.3,,32.8,18093.0,14178.0,19127.0,0.0,23127.0,
2021-12-06,27.3,28.8,30.8,25.3,,35.3,18093.0,14178.0,19127.0,0.0,23127.0,
2021-12-01,28.5,30.0,32.0,26.6,,35.3,19393.0,15478.0,18472.0,0.0,22472.0,
2021-11-30,29.6,31.1,33.1,27.7,,35.3,20493.0,16578.0,18472.0,0.0,22472.0,
2021-11-29,29.6,31.1,33.1,27.7,,36.0,20493.0,16578.0,18472.0,0.0,22472.0,
2021-11-23,29.8,31.3,33.3,28.0,,36.0,20793.0,16878.0,18472.0,0.0,22472.0,
2021-11-22,29.8,31.3,33.3,28.0,,37.2,20793.0,16878.0,18472.0,0.0,22472.0,
2021-11-15,30.1,31.6,33.6,28.2,,37.2,20993.0,17078.0,18472.0,0.0,22472.0,
2021-11-09,30.0,31.5,33.5,28.1,,37.2,20893.0,16978.0,18472.0,0.0,22472.0,
2021-11-08,30.0,31.5,33.5,28.1,,37.7,20893.0,16978.0,18472.0,0.0,22472.0,
2021-11-06,30.2,31.7,33.7,28.0,,37.7,20793.0,16878.0,18472.0,0.0,22472.0,
2021-11-02,30.2,31.7,33.7,28.0,,37.7,20793.0,16878.0,18035.0,0.0,22035.0,
2021-11-01,30.2,31.7,33.7,28.0,,38.0,20793.0,16878.0,18035.0,0.0,22035.0,
2021-10-26,30.1,31.6,33.6,27.3,,38.0,20093.0,16178.0,18035.0,0.0,22035.0,
2021-10-25,30.1,31.6,33.6,27.3,,37.6,20093.0,16178.0,18035.0,0.0,22035.0,
2021-10-19,29.5,31.0,33.0,26.6,,37.6,19393.0,15478.0,18035.0,0.0,22035.0,
2021-10-18,29.5,31.0,33.0,26.6,,36.4,19393.0,15478.0,18035.0,0.0,22035.0,
2021-10-13,28.7,30.2,32.2,25.7,,36.4,18493.0,14578.0,18035.0,0.0,22035.0,
2021-10-11,28.7,30.2,32.2,25.7,,34.9,18493.0,14578.0,18035.0,0.0,22035.0,
2021-10-06,28.3,29.8,31.8,25.4,,34.9,18193.0,14278.0,18035.0,0.0,22035.0,
2021-10-05,28.3,29.8,31.8,25.4,,34.9,18193.0,14278.0,17736.0,0.0,21736.0,
2021-10-04,28.3,29.8,31.8,25.4,,33.4,18193.0,14278.0,17736.0,0.0,21736.0,
2021-09-28,28.2,29.7,31.7,25.3,,33.4,18093.0,14178.0,17736.0,0.0,21736.0,
2021-09-23,28.2,29.7,31.7,25.3,,32.8,18093.0,14178.0,17736.0,0.0,21736.0,
2021-09-20,28.2,29.7,31.7,25.3,,31.9,18093.0,14178.0,17736.0,0.0,21736.0,
2021-09-13,28.1,29.6,31.6,25.4,,31.9,18193.0,14278.0,17736.0,0.0,21736.0,
2021-09-07,28.2,29.7,31.7,25.5,,31.9,18293.0,14378.0,17736.0,0.0,21736.0,
2021-09-06,28.2,29.7,31.7,25.5,,31.1,18293.0,14378.0,17736.0,0.0,21736.0,
2021-08-31,28.0,29.5,31.5,25.6,,31.1,18393.0,14478.0,17338.0,0.0,21338.0,
2021-08-30,28.0,29.5,31.5,25.6,,30.5,18393.0,14478.0,17338.0,0.0,21338.0,
2021-08-24,27.6,29.1,31.1,25.5,,30.5,18293.0,14378.0,17338.0,0.0,21338.0,
2021-08-23,27.6,29.1,31.1,25.5,,31.0,18293.0,14378.0,17338.0,0.0,21338.0,
2021-08-17,28.0,29.5,31.5,25.8,,31.0,18593.0,14678.0,17338.0,0.0,21338.0,
2021-08-16,28.0,29.5,31.5,25.8,,31.3,18593.0,14678.0,17338.0,0.0,21338.0,
2021-08-10,28.3,29.8,31.8,26.0,,31.3,18793.0,14878.0,17338.0,0.0,21338.0,
2021-08-09,28.3,29.8,31.8,26.0,,31.6,18793.0,14878.0,17338.0,0.0,21338.0,
2021-08-06,28.7,30.2,32.2,25.8,,31.6,18593.0,14678.0,17338.0,0.0,21338.0,
2021-08-03,28.7,30.2,32.2,25.8,,31.6,18593.0,14678.0,16839.0,0.0,20839.0,
2021-08-02,28.7,30.2,32.2,25.8,,31.3,18593.0,14678.0,16839.0,0.0,20839.0,
2021-07-28,28.4,29.9,31.9,25.8,,31.3,18593.0,14678.0,16839.0,0.0,20839.0,
2021-07-26,28.4,29.9,31.9,25.8,,31.8,18593.0,14678.0,16839.0,0.0,20839.0,
2021-07-19,28.6,30.1,32.1,25.7,,31.8,18493.0,14578.0,16839.0,0.0,20839.0,
2021-07-12,28.5,30.0,32.0,25.6,,31.8,18393.0,14478.0,16839.0,0.0,20839.0,
2021-07-06,28.2,29.7,31.7,25.4,,31.8,18193.0,14278.0,16839.0,0.0,20839.0,
2021-07-05,28.2,29.7,31.7,25.4,,31.8,18193.0,14278.0,15998.0,0.0,19998.0,
2021-06-29,27.9,29.4,31.4,25.1,,31.8,17893.0,13978.0,15998.0,0.0,19998.0,
2021-06-28,27.9,29.4,31.4,25.1,,31.5,17893.0,13978.0,15998.0,0.0,19998.0,
2021-06-23,27.6,29.1,31.1,24.8,,31.5,17593.0,13678.0,15998.0,0.0,19998.0,
2021-06-21,27.6,29.1,31.1,24.8,,31.2,17593.0,13678.0,15998.0,0.0,19998.0,
2021-06-16,27.5,29.0,31.0,24.7,,31.2,17493.0,13578.0,15998.0,0.0,19998.0,
2021-06-14,27.5,29.0,31.0,24.7,,30.9,17493.0,13578.0,15998.0,0.0,19998.0,
2021-06-08,27.2,28.7,30.7,24.4,,30.9,17193.0,13278.0,15998.0,0.0,19998.0,
2021-06-07,27.2,28.7,30.7,24.4,,30.3,17193.0,13278.0,15998.0,0.0,19998.0,
2021-06-06,27.0,28.5,30.5,24.2,,30.3,16993.0,13078.0,15998.0,0.0,19998.0,
2021-05-31,27.0,28.5,30.5,24.2,,30.3,16993.0,13078.0,15191.0,0.0,19191.0,
2021-05-24,26.8,28.3,30.3,23.9,,30.3,16693.0,12778.0,15191.0,0.0,19191.0,
2021-05-17,26.7,28.2,30.2,23.9,,30.3,16693.0,12778.0,15191.0,0.0,19191.0,
2021-05-11,26.6,28.1,30.1,23.8,,30.3,16593.0,12678.0,15191.0,0.0,19191.0,
2021-05-10,26.6,28.1,30.1,23.8,,29.8,16593.0,12678.0,15191.0,0.0,19191.0,
2021-05-06,26.8,28.3,30.3,24.0,,29.8,16793.0,12878.0,15191.0,0.0,19191.0,
2021-04-27,26.8,28.3,30.3,24.0,,29.8,16793.0,12878.0,14387.0,0.0,18387.0,
2021-04-26,26.8,28.3,30.3,24.0,,29.3,16793.0,12878.0,14387.0,0.0,18387.0,
2021-04-21,26.9,28.4,30.4,24.2,,29.3,16993.0,13078.0,14387.0,0.0,18387.0,
2021-04-19,26.9,28.4,30.4,24.2,,28.3,16993.0,13078.0,14387.0,0.0,18387.0,
2021-04-12,26.5,28.0,30.0,24.2,,28.3,16993.0,13078.0,14387.0,0.0,18387.0,
2021-04-06,26.8,28.3,30.3,24.1,,28.3,16893.0,12978.0,14387.0,0.0,18387.0,
2021-04-05,26.8,28.3,30.3,24.1,,28.3,16893.0,12978.0,13327.0,0.0,17327.0,
2021-03-30,26.8,28.3,30.3,24.0,,28.3,16793.0,12878.0,13327.0,0.0,17327.0,
2021-03-29,26.8,28.3,30.3,24.0,,29.8,16793.0,12878.0,13327.0,0.0,17327.0,
2021-03-22,26.5,28.0,30.0,23.8,,29.8,16593.0,12678.0,13327.0,0.0,17327.0,
2021-03-16,26.0,27.5,29.5,23.2,,29.8,15993.0,12078.0,13327.0,0.0,17327.0,
2021-03-15,26.0,27.5,29.5,23.2,,28.9,15993.0,12078.0,13327.0,0.0,17327.0,
2021-03-09,25.7,27.2,29.2,23.0,,28.9,15793.0,11878.0,13327.0,0.0,17327.0,
2021-03-08,25.7,27.2,29.2,23.0,,29.4,15793.0,11878.0,13327.0,0.0,17327.0,
2021-03-06,25.6,27.1,29.1,22.9,,29.4,15693.0,11778.0,13327.0,0.0,17327.0,
2021-03-03,25.6,27.1,29.1,22.9,,29.4,15693.0,11778.0,12868.0,0.0,16868.0,
2021-03-01,25.6,27.1,29.1,22.9,,28.9,15693.0,11778.0,12868.0,0.0,16868.0,
2021-02-24,25.5,27.0,29.0,22.8,,28.9,15593.0,11678.0,12868.0,0.0,16868.0,
2021-02-22,25.5,27.0,29.0,22.8,,27.9,15593.0,11678.0,12868.0,0.0,16868.0,
2021-02-06,25.0,26.5,28.5,22.3,,27.9,15093.0,11178.0,12868.0,0.0,16868.0,
2021-02-01,25.0,26.5,28.5,22.3,,27.9,15093.0,11178.0,12464.0,0.0,16167.0,
2021-01-25,25.1,26.6,28.6,22.4,,27.9,15193.0,11278.0,12464.0,0.0,16167.0,
2021-01-18,25.0,26.5,28.5,22.4,,27.9,15193.0,11278.0,12464.0,0.0,16167.0,
2021-01-11,24.7,26.2,28.2,22.3,,27.9,15093.0,11178.0,12464.0,0.0,16167.0,
2021-01-06,24.2,25.7,27.7,21.8,,27.9,14593.0,10678.0,12464.0,0.0,16167.0,
2021-01-05,24.2,25.7,27.7,21.8,,27.9,14593.0,10678.0,12617.0,0.0,15710.0,
2021-01-04,24.2,25.7,27.7,21.8,,27.6,14593.0,10678.0,12617.0,0.0,15710.0,
2020-12-29,24.0,25.5,27.5,21.3,,27.6,14093.0,10178.0,12617.0,0.0,15710.0,
2020-12-28,24.0,25.5,27.5,21.3,,28.1,14093.0,10178.0,12617.0,0.0,15710.0,
2020-12-22,23.3,24.8,26.8,20.7,,28.1,13493.0,9578.0,12617.0,0.0,15710.0,
2020-12-21,23.3,24.8,26.8,20.7,,27.8,13493.0,9578.0,12617.0,0.0,15710.0,
2020-12-15,22.8,24.3,26.3,20.2,,27.8,12993.0,9078.0,12617.0,0.0,15710.0,
2020-12-14,22.8,24.3,26.3,20.2,,27.5,12993.0,9078.0,12617.0,0.0,15710.0,
2020-12-08,22.4,23.9,25.9,19.7,,27.5,12493.0,8578.0,12617.0,0.0,15710.0,
2020-12-07,22.4,23.9,25.9,19.7,,27.0,12493.0,8578.0,12617.0,0.0,15710.0,
2020-12-06,22.1,23.6,25.6,19.4,,27.0,12193.0,8278.0,12617.0,0.0,15710.0,
2020-12-01,22.1,23.6,25.6,19.4,,27.0,12193.0,8278.0,12784.0,0.0,16028.0,
2020-11-30,22.1,23.6,25.6,19.4,,25.8,12193.0,8278.0,12784.0,0.0,16028.0,
2020-11-24,21.9,23.4,25.4,19.2,,25.8,11993.0,8078.0,12784.0,0.0,16028.0,
2020-11-17,21.9,23.4,25.4,19.2,,25.5,11993.0,8078.0,12784.0,0.0,16028.0,
2020-11-16,21.9,23.4,25.4,19.2,,24.3,11993.0,8078.0,12784.0,0.0,16028.0,
2020-11-10,21.6,23.1,25.1,19.0,,24.3,11793.0,7878.0,12784.0,0.0,16028.0,
2020-11-09,21.6,23.1,25.1,19.0,,23.8,11793.0,7878.0,12784.0,0.0,16028.0,
2020-11-06,21.5,23.0,25.0,18.9,,23.8,11693.0,7778.0,12784.0,0.0,16028.0,
2020-11-04,21.5,23.0,25.0,18.9,,23.8,11693.0,7778.0,12720.0,0.0,16241.0,
2020-11-02,21.5,23.0,25.0,18.9,,24.8,11693.0,7778.0,12720.0,0.0,16241.0,
2020-10-27,22.0,23.5,25.5,19.3,,24.8,12093.0,8178.0,12720.0,0.0,16241.0,
2020-10-19,22.0,23.5,25.5,19.3,,25.1,12093.0,8178.0,12720.0,0.0,16241.0,
2020-10-14,22.0,23.5,25.5,19.2,,25.1,11993.0,8078.0,12720.0,0.0,16241.0,
2020-10-12,22.0,23.5,25.5,19.2,,24.5,11993.0,8078.0,12720.0,0.0,16241.0,
2020-10-06,22.0,23.5,25.5,19.3,,24.5,12093.0,8178.0,12720.0,0.0,16241.0,
2020-10-05,22.0,23.5,25.5,19.3,,24.2,12093.0,8178.0,12260.0,0.0,15970.0,
2020-09-29,22.2,23.7,25.7,19.5,,24.2,12293.0,8378.0,12260.0,0.0,15970.0,
2020-09-28,22.2,23.7,25.7,19.5,,23.7,12293.0,8378.0,12260.0,0.0,15970.0,
2020-09-22,22.2,23.7,25.7,19.6,,23.7,12393.0,8478.0,12260.0,0.0,15970.0,
2020-09-21,22.2,23.7,25.7,19.6,,23.0,12393.0,8478.0,12260.0,0.0,15970.0,
2020-09-16,22.0,23.5,25.5,19.5,,23.0,12293.0,8378.0,12260.0,0.0,15970.0,
2020-09-14,22.0,23.5,25.5,19.5,,25.0,12293.0,8378.0,12260.0,0.0,15970.0,
2020-09-08,22.5,24.0,26.0,19.8,,25.0,12593.0,8678.0,12260.0,0.0,15970.0,
2020-09-06,22.5,24.0,26.0,19.8,,25.9,12593.0,8678.0,12260.0,0.0,15970.0,
2020-08-25,22.5,24.0,26.0,19.8,,25.9,12593.0,8678.0,11919.0,0.0,14249.0,
2020-08-17,22.5,24.0,26.0,19.8,,26.2,12593.0,8678.0,11919.0,0.0,14249.0,
2020-08-11,22.4,23.9,25.9,19.8,,26.2,12593.0,8678.0,11919.0,0.0,14249.0,
2020-08-10,22.4,23.9,25.9,19.8,,26.6,12593.0,8678.0,11919.0,0.0,14249.0,
2020-08-06,22.4,23.9,25.9,19.7,,26.6,12493.0,8578.0,11919.0,0.0,14249.0,
2020-08-04,22.4,23.9,25.9,19.7,,26.6,12493.0,8578.0,12861.0,0.0,14324.0,
2020-08-03,22.4,23.9,25.9,19.7,,26.9,12493.0,8578.0,12861.0,0.0,14324.0,
2020-07-28,22.3,23.8,25.8,19.6,,26.9,12393.0,8478.0,12861.0,0.0,14324.0,
2020-07-27,22.3,23.8,25.8,19.6,,26.6,12393.0,8478.0,12861.0,0.0,14324.0,
2020-07-20,22.2,23.7,25.7,19.6,,26.6,12393.0,8478.0,12861.0,0.0,14324.0,
2020-07-14,22.3,23.8,25.8,19.6,,26.6,12393.0,8478.0,12861.0,0.0,14324.0,
2020-07-13,22.3,23.8,25.8,19.6,,26.2,12393.0,8478.0,12861.0,0.0,14324.0,
2020-07-07,22.2,23.7,25.7,19.6,,26.2,12393.0,8478.0,12861.0,0.0,14324.0,
2020-07-06,22.2,23.7,25.7,19.6,,26.7,12393.0,8478.0,12861.0,0.0,14324.0,
2020-06-30,22.0,23.5,25.5,19.4,,26.7,12193.0,8278.0,15063.0,15063.0,15914.0,
2020-06-29,22.0,23.5,25.5,19.4,,26.2,12193.0,8278.0,15063.0,15063.0,15914.0,
2020-06-23,21.7,23.2,25.2,19.1,,26.2,11893.0,7978.0,15063.0,15063.0,15914.0,
2020-06-22,21.7,23.2,25.2,19.1,,25.9,11893.0,7978.0,15063.0,15063.0,15914.0,
2020-06-16,21.4,22.9,24.9,18.8,,25.9,11593.0,7678.0,15063.0,15063.0,15914.0,
2020-06-15,21.4,22.9,24.9,18.8,,25.4,11593.0,7678.0,15063.0,15063.0,15914.0,
2020-06-09,20.6,22.1,24.1,18.0,,25.4,10793.0,6878.0,15063.0,15063.0,15914.0,
2020-06-08,20.6,22.1,24.1,18.0,,24.6,10793.0,6878.0,15063.0,15063.0,15914.0,
2020-06-06,19.9,21.4,23.4,17.4,,24.6,10193.0,6278.0,15063.0,15063.0,15914.0,
2020-06-02,19.9,21.4,23.4,17.4,,24.6,10193.0,6278.0,17219.0,17219.0,17446.0,
2020-06-01,19.9,21.4,23.4,17.4,,23.9,10193.0,6278.0,17219.0,17219.0,17446.0,
2020-05-26,19.6,21.1,23.1,17.1,,23.9,9893.0,5978.0,17219.0,17219.0,17446.0,
2020-05-25,19.6,21.1,23.1,17.1,,21.9,9893.0,5978.0,17219.0,17219.0,17446.0,
2020-05-19,19.1,20.6,22.6,16.3,,21.9,9093.0,5178.0,17219.0,17219.0,17446.0,
2020-05-18,19.1,20.6,22.6,16.3,,19.4,9093.0,5178.0,17219.0,17219.0,17446.0,
2020-05-13,18.2,19.7,21.7,15.4,,19.4,8193.0,4278.0,17219.0,17219.0,17446.0,
2020-05-12,18.2,19.7,21.7,15.4,,17.4,8193.0,4278.0,17219.0,17219.0,17446.0,
2020-05-11,18.2,19.7,21.7,15.4,,18.4,8193.0,4278.0,17219.0,17219.0,17446.0,
2020-05-06,16.2,17.7,19.7,13.2,,18.4,5993.0,2078.0,17219.0,17219.0,17446.0,
2020-05-04,16.2,17.7,19.7,13.2,,18.4,5993.0,2078.0,18118.0,18118.0,18620.0,
2020-04-28,16.1,17.6,19.6,13.0,,18.4,5793.0,1878.0,18118.0,18118.0,18620.0,
2020-04-27,16.1,17.6,19.6,13.0,,19.4,5793.0,1878.0,18118.0,18118.0,18620.0,
2020-04-21,17.0,18.5,20.5,14.0,,19.4,6793.0,1878.0,18118.0,18118.0,18620.0,
2020-04-20,17.0,18.5,20.5,14.0,,19.7,6793.0,1878.0,18118.0,18118.0,18620.0,
2020-04-14,17.9,19.4,21.4,15.0,,19.7,7793.0,2878.0,18118.0,18118.0,18620.0,
2020-04-13,17.9,19.4,21.4,15.0,,20.2,7793.0,2878.0,18118.0,18118.0,18620.0,
2020-04-07,17.3,18.8,20.8,14.4,,20.2,7193.0,2278.0,18118.0,18118.0,18620.0,
2020-04-06,17.3,18.8,20.8,14.4,,21.4,7193.0,2278.0,18118.0,18118.0,18620.0,
2020-04-01,18.2,19.7,21.7,15.4,,21.4,8193.0,3278.0,17428.0,17726.0,20600.0,
2020-03-31,18.2,19.7,21.7,15.4,,21.4,8193.0,3278.0,17428.0,17726.0,,
2020-03-30,18.2,19.7,21.7,15.4,,23.4,8193.0,3278.0,17428.0,17726.0,,
2020-03-24,19.0,20.5,22.5,16.2,,23.4,8993.0,4078.0,17428.0,17726.0,,
2020-03-23,19.0,20.5,22.5,16.2,,24.9,8993.0,4078.0,17428.0,17726.0,,
2020-03-17,20.3,21.8,23.8,17.7,,24.9,10493.0,5578.0,17428.0,17726.0,,
2020-03-16,20.3,21.8,23.8,17.7,,27.9,10493.0,5578.0,17428.0,17726.0,,
2020-03-10,24.1,25.6,27.6,21.7,,27.9,14493.0,9578.0,17428.0,17726.0,,
2020-03-09,24.1,25.6,27.6,21.7,,28.9,14493.0,9578.0,17428.0,17726.0,,
2020-03-06,24.7,26.2,28.2,22.4,,28.9,15193.0,10278.0,17428.0,17726.0,,
2020-03-03,24.7,26.2,28.2,22.4,,28.9,15193.0,10278.0,16568.0,17246.0,,
2020-03-02,24.7,26.2,28.2,22.4,,30.7,15193.0,10278.0,16568.0,17246.0,,
2020-02-26,25.5,27.0,29.0,23.3,,30.7,16093.0,11178.0,16568.0,17246.0,,
2020-02-24,25.5,27.0,29.0,23.3,,30.2,16093.0,11178.0,16568.0,17246.0,,
2020-02-17,24.9,26.4,28.4,22.6,,30.2,15393.0,10478.0,16568.0,17246.0,,
2020-02-11,24.9,26.4,28.4,22.7,,30.2,15493.0,10578.0,16568.0,17246.0,,
2020-02-10,24.9,26.4,28.4,22.7,,32.2,15493.0,10578.0,16568.0,17246.0,,
2020-02-06,25.9,27.4,29.4,23.7,,32.2,16493.0,11578.0,16568.0,17246.0,,
2020-02-05,25.9,27.4,29.4,23.7,,32.2,16493.0,11578.0,15812.0,16606.0,,
2020-02-03,25.9,27.4,29.4,23.7,,35.1,16493.0,11578.0,15812.0,16606.0,,
2020-01-27,26.8,28.3,30.3,24.7,,35.1,17493.0,12578.0,15812.0,16606.0,,
2020-01-22,27.1,28.6,30.6,25.0,,35.1,17793.0,12878.0,15812.0,16606.0,,
2020-01-20,27.1,28.6,30.6,25.0,,37.1,17793.0,12878.0,15812.0,16606.0,,
2020-01-15,27.8,29.3,31.3,25.7,,37.1,18493.0,13578.0,15812.0,16606.0,,
2020-01-13,27.8,29.3,31.3,25.7,,,18493.0,13578.0,15812.0,16606.0,,
2020-01-06,,,,25.6,,,18393.0,13478.0,15812.0,16606.0,,
